{
"Example Skull":[
	[340, 2048.03125, -18]
	],
"Example Numbers":[
	[271, 2048.03125, -44]
	]
}